Profile,Field,Card,MS,EHDS Producer,EHDS Consumer,R5 Producer,R5 Consumer,R4 Producer,R4 Consumer,EHDS Description,Description
AccessionNumberIdentifierEuImaging,system,1..1,,,,,,,,,
AccessionNumberIdentifierEuImaging,type,1..1,,,,,,,,,
AccessionNumberIdentifierEuImaging,type.coding,1..*,,,,,,,,,
AccessionNumberIdentifierEuImaging,type.coding[dcm],0..1,,,,,,,,,
AccessionNumberIdentifierEuImaging,type.coding[v2-0203-coding],1..1,,,,,,,,,
AccessionNumberIdentifierEuImaging,value,1..1,,,,,,,,,
AdverseEventEuImaging,contributingFactor,0..*,,,,,,,,,
AdverseEventEuImaging,contributingFactor[allergy],0..*,,,,,,,,,
AdverseEventEuImaging,contributingFactor[allergy].item[x],1..1,,,,,,,,,
AdverseEventEuImaging,contributingFactor[allergy].item[x][itemReference],0..1,,,,,,,,,
AdverseEventEuImaging,subjectMedicalHistory,0..*,,,,,,,,,
AdverseEventEuImaging,subjectMedicalHistory[allergy],0..*,,,,,,,,,
AdverseEventEuImaging,suspectEntity,0..*,,,,,,,,,
AdverseEventEuImaging,suspectEntity[procedure],0..*,,,,,,,,,
AdverseEventEuImaging,suspectEntity[procedure].instance,1..1,,,,,,,,,
AdverseEventEuImaging,suspectEntity[procedure].instance[x],1..1,,,,,,,,,
AdverseEventEuImaging,suspectEntity[procedure].instance[x][instanceReference],0..1,,,,,,,,,
AnatomicalRegionExtension,extension,0..0,,,,,,,,,
AnatomicalRegionExtension,url,1..1,,,,,,,,,
AnatomicalRegionExtension,value[x],0..1,,,,,,,,,
AnatomicalRegionExtension,value[x].coding,1..*,,,,,,,,,
BundleReportEuImaging,entry,4..*,,,,,,,,,
BundleReportEuImaging,entry.fullUrl,1..1,,,,,,,,,
BundleReportEuImaging,entry.link,0..0,,,,,,,,,
BundleReportEuImaging,entry.request,0..0,,,,,,,,,
BundleReportEuImaging,entry.resource,1..1,,,,,,,,,
BundleReportEuImaging,entry.response,0..0,,,,,,,,,
BundleReportEuImaging,entry.search,0..0,,,,,,,,,
BundleReportEuImaging,entry[CompositionEuImaging],1..1,,,,,,,,,
BundleReportEuImaging,entry[CompositionEuImaging].resource,1..1,,,,,,,,,
BundleReportEuImaging,entry[DiagnosticReportEuImaging],1..1,,,,,,,,,
BundleReportEuImaging,entry[DiagnosticReportEuImaging].resource,1..1,,,,,,,,,
BundleReportEuImaging,entry[ImagingStudy],1..*,,,,,,,,,
BundleReportEuImaging,entry[ImagingStudy].resource,1..1,,,,,,,,,
BundleReportEuImaging,entry[Patient],1..1,,,,,,,,,
BundleReportEuImaging,entry[Patient].resource,1..1,,,,,,,,,
BundleReportEuImaging,entry[binary],0..*,,,,,,,,,
BundleReportEuImaging,entry[binary].resource,1..1,,,,,,,,,
BundleReportEuImaging,entry[findings],0..*,,,,,,,,,
BundleReportEuImaging,entry[findings].resource,1..1,,,,,,,,,
BundleReportEuImaging,entry[key-images],0..*,,,,,,,,,
BundleReportEuImaging,entry[key-images].resource,1..1,,,,,,,,,
BundleReportEuImaging,entry[organization],0..*,,,,,,,,,
BundleReportEuImaging,entry[organization].resource,1..1,,,,,,,,,
BundleReportEuImaging,entry[performed-procedure],0..*,,,,,,,,,
BundleReportEuImaging,entry[performed-procedure].resource,1..1,,,,,,,,,
BundleReportEuImaging,entry[practitioner],0..*,,,,,,,,,
BundleReportEuImaging,entry[practitioner].resource,1..1,,,,,,,,,
BundleReportEuImaging,entry[requested-procedure],0..*,,,,,,,,,
BundleReportEuImaging,entry[requested-procedure].resource,1..1,,,,,,,,,
BundleReportEuImaging,identifier,1..1,,,,,,,,,
BundleReportEuImaging,total,0..0,,,,,,,,,
BundleReportEuImaging,type,1..1,,,,,,,,,
BundleReportMinimalMetadataEuImaging,entry,1..*,,,,,,,,,
BundleReportMinimalMetadataEuImaging,entry.fullUrl,1..1,,,,,,,,,
BundleReportMinimalMetadataEuImaging,entry.link,0..0,,,,,,,,,
BundleReportMinimalMetadataEuImaging,entry.request,0..0,,,,,,,,,
BundleReportMinimalMetadataEuImaging,entry.resource,1..1,,,,,,,,,
BundleReportMinimalMetadataEuImaging,entry.response,0..0,,,,,,,,,
BundleReportMinimalMetadataEuImaging,entry.search,0..0,,,,,,,,,
BundleReportMinimalMetadataEuImaging,entry[DiagnosticReportEuImagingMinimalMetadata],1..1,,,,,,,,,
BundleReportMinimalMetadataEuImaging,entry[DiagnosticReportEuImagingMinimalMetadata].resource,1..1,,,,,,,,,
BundleReportMinimalMetadataEuImaging,entry[ImagingStudy],0..1,,,,,,,,,
BundleReportMinimalMetadataEuImaging,entry[ImagingStudy].resource,1..1,,,,,,,,,
BundleReportMinimalMetadataEuImaging,entry[Patient],0..1,,,,,,,,,
BundleReportMinimalMetadataEuImaging,entry[Patient].resource,1..1,,,,,,,,,
BundleReportMinimalMetadataEuImaging,link,0..0,,,,,,,,,
BundleReportMinimalMetadataEuImaging,total,0..0,,,,,,,,,
BundleReportMinimalMetadataEuImaging,type,1..1,,,,,,,,,
CompositionEuImaging,attester,0..*,,,,,,,,,
CompositionEuImaging,attester[legalAuthenticator],0..*,,SHALL:able-to-populate,,SHALL:able-to-populate,,SHALL:able-to-populate,,EHDSImagingReport.header.legalAuthentication,EHDSImagingReport.header.legalAuthentication
CompositionEuImaging,attester[legalAuthenticator].mode,1..1,,,,,,,,,
CompositionEuImaging,attester[legalAuthenticator].party,0..1,,SHALL:able-to-populate,SHOULD:process,,,SHALL:able-to-populate,,EHDSImagingReport.header.legalAuthentication.legalAuthenticator[x],EHDSImagingReport.header.legalAuthentication.legalAuthenticator[x]
CompositionEuImaging,attester[legalAuthenticator].time,1..1,,SHALL:able-to-populate,,MAY:able-to-populate,,MAY:able-to-populate,,EHDSImagingReport.header.legalAuthentication.datetime,EHDSImagingReport.header.legalAuthentication.datetime
CompositionEuImaging,attester[resultValidator],0..*,,SHALL:able-to-populate,,SHOULD:able-to-populate,,SHOULD:able-to-populate,,EHDSImagingReport.header.attestation,EHDSImagingReport.header.attestation
CompositionEuImaging,attester[resultValidator].mode,1..1,,,,,,,,,
CompositionEuImaging,attester[resultValidator].party,0..1,,SHALL:able-to-populate,SHOULD:process,SHOULD:able-to-populate,,SHOULD:able-to-populate,,EHDSImagingReport.header.attestation.attester[x],EHDSImagingReport.header.attestation.attester[x]
CompositionEuImaging,attester[resultValidator].party.extension[deviceAttester],0..1,,SHALL:able-to-populate,SHOULD:process,SHOULD:able-to-populate,,,,EHDSImagingReport.header.attestation.attester[x],EHDSImagingReport.header.attestation.attester[x]
CompositionEuImaging,attester[resultValidator].time,1..1,,SHALL:able-to-populate,,SHOULD:able-to-populate,,SHOULD:able-to-populate,,EHDSImagingReport.header.attestation.datetime,EHDSImagingReport.header.attestation.datetime
CompositionEuImaging,author,1..*,,,,,,,,,
CompositionEuImaging,author[author],0..*,,SHALL:able-to-populate,SHOULD:process,SHALL:able-to-populate,,SHALL:able-to-populate,,EHDSImagingReport.header.author[x],EHDSImagingReport.header.author[x]
CompositionEuImaging,author[authoringDevice],0..*,,,,,,,,,
CompositionEuImaging,author[organization],0..*,,SHALL:able-to-populate,SHOULD:process,,,SHALL:able-to-populate,SHOULD:process,EHDSImagingReport.header.author[x],EHDSImagingReport.header.author[x]
CompositionEuImaging,category,2..*,,SHALL:able-to-populate,,SHALL:able-to-populate,,,,EHDSImagingReport.header.documentType,EHDSImagingReport.header.documentType
CompositionEuImaging,category[diagnostic-service],0..1,,SHALL:able-to-populate,SHOULD:process,SHOULD:able-to-populate,,SHALL:able-to-populate,,"EHDSImagingReport.header.documentType, EHDSImagingReport.header.eventType, EHDSImagingReport.header.serviceSpecialty","EHDSImagingReport.header.documentType, EHDSImagingReport.header.eventType, EHDSImagingReport.header.serviceSpecialty"
CompositionEuImaging,category[imaging-report],1..1,,,,,,,,,
CompositionEuImaging,category[imaging],1..1,,,,,,,,,
CompositionEuImaging,custodian,0..1,,SHOULD:able-to-populate,SHOULD:process,SHOULD:able-to-populate,,SHOULD:able-to-populate,,EHDSImagingReport.header.custodian,EHDSImagingReport.header.custodian
CompositionEuImaging,date,1..1,,SHALL:able-to-populate,SHALL:process,SHALL:able-to-populate,,SHALL:able-to-populate,,EHDSImagingReport.header.date,EHDSImagingReport.header.date
CompositionEuImaging,event.period,0..1,,SHOULD:able-to-populate,,SHOULD:able-to-populate,,SHOULD:able-to-populate,,EHDSImagingReport.header.period,EHDSImagingReport.header.period
CompositionEuImaging,extension,0..*,,,,,,,,,
CompositionEuImaging,extension[basedOn],0..*,,SHALL:able-to-populate,SHALL:process,MAY:able-to-populate,,MAY:able-to-populate,,EHDSImagingReport.body.orderInformation.orderId,EHDSImagingReport.body.orderInformation.orderId
CompositionEuImaging,extension[diagnosticreport-reference],0..1,,,,,,,,,
CompositionEuImaging,extension[diagnosticreport-reference].value[x],0..1,,,,,,,,,
CompositionEuImaging,extension[informationRecipient],0..*,,SHOULD:able-to-populate,,SHOULD:able-to-populate,,SHOULD:able-to-populate,,EHDSImagingReport.header.intendedRecipient[x],EHDSImagingReport.header.intendedRecipient[x]
CompositionEuImaging,extension[version],0..1,,,,,,MAY:able-to-populate,,EHDSImagingReport.header.version,EHDSImagingReport.header.version
CompositionEuImaging,identifier,1..*,,SHALL:able-to-populate,SHALL:process,SHALL:able-to-populate,,SHALL:able-to-populate,,EHDSImagingReport.header.identifier,EHDSImagingReport.header.identifier
CompositionEuImaging,language,0..1,,SHALL:able-to-populate,,SHOULD:able-to-populate,,SHOULD:able-to-populate,,EHDSImagingReport.header.language,EHDSImagingReport.header.language
CompositionEuImaging,section,4..*,,,,,,,,,
CompositionEuImaging,section.code,1..1,,,,,,,,,
CompositionEuImaging,section.emptyReason,0..1,,,,,,,,,
CompositionEuImaging,section[communication],0..1,,,,,,,,,
CompositionEuImaging,section[communication].code,1..1,,,,,,,,,
CompositionEuImaging,section[communication].extension,0..*,,,,,,,,,
CompositionEuImaging,section[communication].extension[note],0..*,,,,,,,,,
CompositionEuImaging,section[comparison],0..1,,,,,,,,,
CompositionEuImaging,section[comparison].code,1..1,,,,,,,,,
CompositionEuImaging,section[comparison].entry,0..*,,,,,,,,,
CompositionEuImaging,section[comparison].entry[comparedstudy],0..*,,SHALL:able-to-populate,SHOULD:process,SHALL:able-to-populate,,SHALL:able-to-populate,,EHDSImagingReport.body.comparisonStudy,EHDSImagingReport.body.comparisonStudy
CompositionEuImaging,section[comparison].extension,0..*,,,,,,,,,
CompositionEuImaging,section[comparison].extension[note],0..*,,,,,,,,,
CompositionEuImaging,section[findings],0..1,,,,,,,,,
CompositionEuImaging,section[findings].code,1..1,,,,,,,,,
CompositionEuImaging,section[findings].entry,0..*,,,,,,,,,
CompositionEuImaging,section[findings].entry[finding],0..*,,SHALL:able-to-populate,SHOULD:process,,,SHALL:able-to-populate,,EHDSImagingReport.body.examinationReport.results[x],EHDSImagingReport.body.examinationReport.results[x]
CompositionEuImaging,section[findings].entry[image],0..*,,,,,,,,,
CompositionEuImaging,section[findings].entry[keyimage],0..*,,,,,,,,,
CompositionEuImaging,section[findings].extension,0..*,,,,,,,,,
CompositionEuImaging,section[findings].extension[note],0..*,,SHALL:able-to-populate,SHOULD:process,SHALL:able-to-populate,,SHALL:able-to-populate,,EHDSImagingReport.body.examinationReport.results[x],EHDSImagingReport.body.examinationReport.results[x]
CompositionEuImaging,section[history],1..1,,,,,,,,,
CompositionEuImaging,section[history].code,1..1,,,,,,,,,
CompositionEuImaging,section[history].entry,0..*,,SHOULD:able-to-populate,,SHOULD:populate-if-known,,SHOULD:populate-if-known,,"EHDSImagingReport.body.supportingInformation.observation, EHDSImagingReport.body.supportingInformation.condition, EHDSImagingReport.body.supportingInformation.priorMedicationAdministration, EHDSImagingReport.body.supportingInformation.device, EHDSImagingReport.body.supportingInformation.pregnancyStatus","EHDSImagingReport.body.supportingInformation.observation, EHDSImagingReport.body.supportingInformation.condition, EHDSImagingReport.body.supportingInformation.priorMedicationAdministration, EHDSImagingReport.body.supportingInformation.device, EHDSImagingReport.body.supportingInformation.pregnancyStatus"
CompositionEuImaging,section[history].entry[implants],0..*,,,,,,,,,
CompositionEuImaging,section[history].entry[medication],0..*,,,,,,,,,
CompositionEuImaging,section[history].entry[problemlist],0..*,,,,,,,,,
CompositionEuImaging,section[history].entry[vitals],0..*,,,,,,,,,
CompositionEuImaging,section[history].extension,0..*,,,,,,,,,
CompositionEuImaging,section[history].extension[note],0..*,,,,,,,,,
CompositionEuImaging,section[imagingstudy],1..1,,,,,,,,,
CompositionEuImaging,section[imagingstudy].code,1..1,,,,,,,,,
CompositionEuImaging,section[imagingstudy].entry,1..*,,,,,,,,,
CompositionEuImaging,section[imagingstudy].entry[imagingstudy],1..*,,,,,,,,,
CompositionEuImaging,section[imagingstudy].extension,0..*,,,,,,,,,
CompositionEuImaging,section[imagingstudy].extension[note],0..*,,,,,,,,,
CompositionEuImaging,section[impression],0..1,,,,,,,,,
CompositionEuImaging,section[impression].code,1..1,,,,,,,,,
CompositionEuImaging,section[impression].entry,0..*,,,,,,,,,
CompositionEuImaging,section[impression].entry[finding],0..*,,SHALL:able-to-populate,SHOULD:process,SHALL:able-to-populate,,SHALL:able-to-populate,,EHDSImagingReport.body.examinationReport.conclusion.conditionOrFinding[x],EHDSImagingReport.body.examinationReport.conclusion.conditionOrFinding[x]
CompositionEuImaging,section[impression].entry[impression],0..*,,SHALL:able-to-populate,SHOULD:process,SHALL:able-to-populate,,SHALL:able-to-populate,,EHDSImagingReport.body.examinationReport.conclusion.conditionOrFinding[x],EHDSImagingReport.body.examinationReport.conclusion.conditionOrFinding[x]
CompositionEuImaging,section[impression].entry[keyimage],0..*,,,,,,,,,
CompositionEuImaging,section[impression].extension,0..*,,,,,,,,,
CompositionEuImaging,section[impression].extension[note],0..*,,SHALL:able-to-populate,SHOULD:process,SHALL:able-to-populate,,SHALL:able-to-populate,,EHDSImagingReport.body.examinationReport.conclusion.impression,EHDSImagingReport.body.examinationReport.conclusion.impression
CompositionEuImaging,section[order],1..1,,SHOULD:able-to-populate,SHOULD:process,SHOULD:able-to-populate,,SHOULD:able-to-populate,,EHDSImagingReport.body.orderInformation,EHDSImagingReport.body.orderInformation
CompositionEuImaging,section[order].code,1..1,,,,,,,,,
CompositionEuImaging,section[order].entry,0..*,,,,,,,,,
CompositionEuImaging,section[order].entry[order],0..*,,,,,,,,,
CompositionEuImaging,section[order].extension,0..*,,,,,,,,,
CompositionEuImaging,section[order].extension[note],0..*,,,,,,,,,
CompositionEuImaging,section[procedure],1..1,,,,,,,,,
CompositionEuImaging,section[procedure].code,1..1,,,,,,,,,
CompositionEuImaging,section[procedure].entry,0..*,,,,,,,,,
CompositionEuImaging,section[procedure].entry[adverse-event],0..*,,SHALL:able-to-populate,SHOULD:process,SHALL:able-to-populate,,SHALL:able-to-populate,,EHDSImagingReport.body.examinationReport.adverseReaction,EHDSImagingReport.body.examinationReport.adverseReaction
CompositionEuImaging,section[procedure].entry[procedure],0..*,,SHALL:able-to-populate,SHOULD:process,SHALL:able-to-populate,,SHALL:able-to-populate,,EHDSImagingReport.body.examinationReport.imagingProcedures,EHDSImagingReport.body.examinationReport.imagingProcedures
CompositionEuImaging,section[procedure].entry[radiation-dose],0..*,,SHOULD:able-to-populate,,SHOULD:able-to-populate,,SHOULD:able-to-populate,,EHDSImagingReport.body.exposureInformation,EHDSImagingReport.body.exposureInformation
CompositionEuImaging,section[procedure].extension,0..*,,,,,,,,,
CompositionEuImaging,section[procedure].extension[note],0..*,,,,,,,,,
CompositionEuImaging,section[recommendation],0..1,,SHOULD:able-to-populate,SHOULD:process,SHOULD:able-to-populate,,SHOULD:able-to-populate,,EHDSImagingReport.body.recommendation,EHDSImagingReport.body.recommendation
CompositionEuImaging,section[recommendation].code,1..1,,,,,,,,,
CompositionEuImaging,section[recommendation].entry,0..*,,,,,,,,,
CompositionEuImaging,section[recommendation].entry[suggestion],0..*,,SHOULD:able-to-populate,SHOULD:process,SHOULD:able-to-populate,,SHOULD:able-to-populate,,EHDSImagingReport.body.recommendation.carePlan,EHDSImagingReport.body.recommendation.carePlan
CompositionEuImaging,section[recommendation].extension,0..*,,,,,,,,,
CompositionEuImaging,section[recommendation].extension[note],0..*,,,,,,,,,
CompositionEuImaging,section[report],0..1,,,,,,,,,
CompositionEuImaging,section[report].code,1..1,,,,,,,,,
CompositionEuImaging,section[report].extension,0..*,,,,,,,,,
CompositionEuImaging,section[report].extension[note],0..*,,,,,,,,,
CompositionEuImaging,status,1..1,,SHALL:able-to-populate,SHALL:process,MAY:able-to-populate,,MAY:able-to-populate,,EHDSImagingReport.header.status,EHDSImagingReport.header.status
CompositionEuImaging,subject,1..1,,SHALL:able-to-populate,SHALL:process,SHALL:able-to-populate,,SHALL:able-to-populate,,EHDSImagingReport.header.subject,EHDSImagingReport.header.subject
CompositionEuImaging,text,0..1,,SHOULD:able-to-populate,SHOULD:process,SHOULD:able-to-populate,,SHOULD:able-to-populate,,EHDSImagingReport.presentedForm,EHDSImagingReport.presentedForm
CompositionEuImaging,title,1..1,,SHALL:able-to-populate,,SHALL:able-to-populate,,SHALL:able-to-populate,,EHDSImagingReport.header.documentTitle,EHDSImagingReport.header.documentTitle
CompositionEuImaging,type,1..1,,,,,,,,,
CompositionEuImaging,version,0..1,,,,MAY:able-to-populate,,,,EHDSImagingReport.header.version,EHDSImagingReport.header.version
DeviceAttesterExt,extension,0..0,,,,,,,,,
DeviceAttesterExt,url,1..1,,,,,,,,,
DeviceAttesterExt,value[x],0..1,,,,,,,,,
DeviceEuImaging,category,1..*,,,,,,,,,
DeviceEuImaging,category[imaging],1..1,,,,,,,,,
DeviceEuImaging,deviceName,0..*,,,,,,,,,
DeviceEuImaging,extension,0..*,,,,,,,,,
DeviceEuImaging,extension[imagingCategory],1..1,,,,,,,,,
DeviceEuImaging,extension[imagingCategory].extension,0..0,,,,,,,,,
DeviceEuImaging,extension[imagingCategory].value[x],0..1,,,,,,,,,
DeviceEuImaging,identifier,0..*,,,,,,,,,
DeviceEuImaging,manufacturer,0..1,,,,,,,,,
DeviceEuImaging,name,0..*,,,,,,,,,
DeviceEuImaging,serialNumber,0..1,,,,,,,,,
DeviceEuImaging,status,1..1,,,,,,,,,
DeviceEuImaging,type,0..*,,,,,,,,,
DeviceEuImaging,udiCarrier.deviceIdentifier,1..1,,,,,,,,,
DeviceEuImaging,version,0..*,,,,,,,,,
DiagnosticReportEuImaging,.extension[impression],,,SHALL:able-to-populate,SHOULD:process,,,SHALL:able-to-populate,,EHDSImagingReport.body.examinationReport.conclusion.conditionOrFinding[x],EHDSImagingReport.body.examinationReport.conclusion.conditionOrFinding[x]
DiagnosticReportEuImaging,basedOn,0..*,,,,,,,,,
DiagnosticReportEuImaging,basedOn[ServiceRequestOrderEuImagingaccession],0..*,,SHALL:able-to-populate,SHALL:process,MAY:able-to-populate,,MAY:able-to-populate,,EHDSImagingReport.body.orderInformation.orderId,EHDSImagingReport.body.orderInformation.orderId
DiagnosticReportEuImaging,basedOn[ServiceRequestOrderEuImagingaccession].identifier,1..1,,,,,,,,,
DiagnosticReportEuImaging,category,2..*,,,,,,,,,
DiagnosticReportEuImaging,category[diagnostic-service],0..1,,,SHOULD:process,MAY:able-to-populate,,MAY:able-to-populate,,EHDSImagingReport.header.serviceSpecialty,EHDSImagingReport.header.serviceSpecialty
DiagnosticReportEuImaging,category[imaging-report],1..1,,,,,,,,,
DiagnosticReportEuImaging,category[imaging],1..1,,,,,,,,,
DiagnosticReportEuImaging,code,1..1,,,,,,,,,
DiagnosticReportEuImaging,composition,1..1,,,,SHALL:able-to-populate,,,,,
DiagnosticReportEuImaging,effectivePeriod,,,SHOULD:able-to-populate,,SHOULD:able-to-populate,,SHOULD:able-to-populate,,EHDSImagingReport.header.period,EHDSImagingReport.header.period
DiagnosticReportEuImaging,extension,0..*,,,,,,,,,
DiagnosticReportEuImaging,extension[anatomical-region],0..*,,,,,,,,,
DiagnosticReportEuImaging,extension[artifactVersion],0..1,,,,MAY:able-to-populate,,MAY:able-to-populate,,EHDSImagingReport.header.version,EHDSImagingReport.header.version
DiagnosticReportEuImaging,extension[communication],0..*,Y,,,,,,,,
DiagnosticReportEuImaging,extension[comparison],0..*,Y,SHALL:able-to-populate,SHOULD:process,SHALL:able-to-populate,,SHALL:able-to-populate,,EHDSImagingReport.body.comparisonStudy,EHDSImagingReport.body.comparisonStudy
DiagnosticReportEuImaging,extension[composition],1..1,,,,,,SHALL:able-to-populate,,,
DiagnosticReportEuImaging,extension[composition].extension,0..0,,,,,,,,,
DiagnosticReportEuImaging,extension[composition].value[x],0..1,,,,,,,,,
DiagnosticReportEuImaging,extension[finding],0..*,Y,SHALL:able-to-populate,SHOULD:process,SHALL:able-to-populate,,SHALL:able-to-populate,,EHDSImagingReport.body.examinationReport.results[x],EHDSImagingReport.body.examinationReport.results[x]
DiagnosticReportEuImaging,extension[impression],0..*,Y,SHALL:able-to-populate,SHOULD:process,SHALL:able-to-populate,,SHALL:able-to-populate,,EHDSImagingReport.body.examinationReport.conclusion.conditionOrFinding[x],EHDSImagingReport.body.examinationReport.conclusion.conditionOrFinding[x]
DiagnosticReportEuImaging,extension[informationRecipient],0..*,,SHOULD:able-to-populate,,SHOULD:able-to-populate,,,,EHDSImagingReport.header.intendedRecipient[x],EHDSImagingReport.header.intendedRecipient[x]
DiagnosticReportEuImaging,extension[note],0..*,,SHALL:able-to-populate,SHOULD:process,,,SHALL:able-to-populate,,"EHDSImagingReport.body.examinationReport.results[x], EHDSImagingReport.body.examinationReport.conclusion.impression","EHDSImagingReport.body.examinationReport.results[x], EHDSImagingReport.body.examinationReport.conclusion.impression"
DiagnosticReportEuImaging,extension[note].extension,0..0,,,,,,,,,
DiagnosticReportEuImaging,extension[note].value[x].extension[annotation-type],0..*,,,,,,,,,
DiagnosticReportEuImaging,extension[note].value[x].extension[annotation-type].value[x],1..1,,,,,,,,,
DiagnosticReportEuImaging,extension[patientHistory],0..*,Y,SHOULD:able-to-populate,,SHOULD:populate-if-known,,SHOULD:populate-if-known,,"EHDSImagingReport.body.supportingInformation.observation, EHDSImagingReport.body.supportingInformation.condition, EHDSImagingReport.body.supportingInformation.priorMedicationAdministration, EHDSImagingReport.body.supportingInformation.device, EHDSImagingReport.body.supportingInformation.pregnancyStatus","EHDSImagingReport.body.supportingInformation.observation, EHDSImagingReport.body.supportingInformation.condition, EHDSImagingReport.body.supportingInformation.priorMedicationAdministration, EHDSImagingReport.body.supportingInformation.device, EHDSImagingReport.body.supportingInformation.pregnancyStatus"
DiagnosticReportEuImaging,extension[procedure],0..*,Y,SHALL:able-to-populate,SHOULD:process,SHALL:able-to-populate,,SHALL:able-to-populate,,"EHDSImagingReport.body.exposureInformation, EHDSImagingReport.body.examinationReport.imagingProcedures","EHDSImagingReport.body.exposureInformation, EHDSImagingReport.body.examinationReport.imagingProcedures"
DiagnosticReportEuImaging,extension[recommendation],0..*,Y,SHOULD:able-to-populate,SHOULD:process,SHOULD:able-to-populate,,SHOULD:able-to-populate,,EHDSImagingReport.body.recommendation,EHDSImagingReport.body.recommendation
DiagnosticReportEuImaging,identifier,1..*,,SHALL:able-to-populate,SHALL:process,SHALL:able-to-populate,,SHALL:able-to-populate,,EHDSImagingReport.header.identifier,EHDSImagingReport.header.identifier
DiagnosticReportEuImaging,imagingStudy,0..*,,,,,,,,,
DiagnosticReportEuImaging,issued,0..1,,SHALL:able-to-populate,SHALL:process,SHALL:able-to-populate,,SHALL:able-to-populate,,EHDSImagingReport.header.date,EHDSImagingReport.header.date
DiagnosticReportEuImaging,language,0..1,,SHALL:able-to-populate,,SHOULD:able-to-populate,,SHOULD:able-to-populate,,EHDSImagingReport.header.language,EHDSImagingReport.header.language
DiagnosticReportEuImaging,media,0..*,,SHOULD:able-to-populate,SHOULD:process,SHOULD:able-to-populate,,SHOULD:able-to-populate,,EHDSImagingReport.attachments,EHDSImagingReport.attachments
DiagnosticReportEuImaging,note,0..*,,SHALL:able-to-populate,SHOULD:process,SHALL:able-to-populate,,,,"EHDSImagingReport.body.examinationReport.results[x], EHDSImagingReport.body.examinationReport.conclusion.impression","EHDSImagingReport.body.examinationReport.results[x], EHDSImagingReport.body.examinationReport.conclusion.impression"
DiagnosticReportEuImaging,note.extension[annotation-type],0..*,,,,,,,,,
DiagnosticReportEuImaging,note.extension[annotation-type].value[x],1..1,,,,,,,,,
DiagnosticReportEuImaging,performer,0..*,,,,,,,,,
DiagnosticReportEuImaging,performer[organization],0..*,,SHALL:able-to-populate,SHOULD:process,SHALL:able-to-populate,SHOULD:process,SHALL:able-to-populate,SHOULD:process,EHDSImagingReport.header.author[x],EHDSImagingReport.header.author[x]
DiagnosticReportEuImaging,presentedForm,0..*,,SHOULD:able-to-populate,SHOULD:process,SHOULD:able-to-populate,,SHOULD:able-to-populate,,EHDSImagingReport.presentedForm,EHDSImagingReport.presentedForm
DiagnosticReportEuImaging,result,1..*,Y,,,,,,,,
DiagnosticReportEuImaging,resultsInterpreter,0..*,,,,,,,,,
DiagnosticReportEuImaging,resultsInterpreter[author],0..*,,SHALL:able-to-populate,SHOULD:process,SHALL:able-to-populate,,SHALL:able-to-populate,,EHDSImagingReport.header.author[x],EHDSImagingReport.header.author[x]
DiagnosticReportEuImaging,status,1..1,,SHALL:able-to-populate,SHALL:process,MAY:able-to-populate,,MAY:able-to-populate,,EHDSImagingReport.header.status,EHDSImagingReport.header.status
DiagnosticReportEuImaging,study,0..*,,,,,,,,,
DiagnosticReportEuImaging,subject,1..1,,SHALL:able-to-populate,SHALL:process,SHALL:able-to-populate,,SHALL:able-to-populate,,EHDSImagingReport.header.subject,EHDSImagingReport.header.subject
DiagnosticReportEuImagingMinimalMetadata,basedOn,0..*,,,,,,,,,
DiagnosticReportEuImagingMinimalMetadata,basedOn[order-identifier],0..*,,,,,,,,,
DiagnosticReportEuImagingMinimalMetadata,basedOn[order-identifier].identifier,1..1,,,,,,,,,
DiagnosticReportEuImagingMinimalMetadata,basedOn[order-identifier].reference,0..0,,,,,,,,,
DiagnosticReportEuImagingMinimalMetadata,basedOn[order-resource],0..*,,,,,,,,,
DiagnosticReportEuImagingMinimalMetadata,basedOn[order-resource].identifier,0..0,,,,,,,,,
DiagnosticReportEuImagingMinimalMetadata,basedOn[order-resource].reference,1..1,,,,,,,,,
DiagnosticReportEuImagingMinimalMetadata,category,2..*,,,,,,,,,
DiagnosticReportEuImagingMinimalMetadata,category[diagnostic-service],0..1,,,,,,,,,
DiagnosticReportEuImagingMinimalMetadata,category[imaging-report],1..1,,,,,,,,,
DiagnosticReportEuImagingMinimalMetadata,category[imaging],1..1,,,,,,,,,
DiagnosticReportEuImagingMinimalMetadata,code,1..1,,,,,,,,,
DiagnosticReportEuImagingMinimalMetadata,composition,0..0,,,,,,,,,
DiagnosticReportEuImagingMinimalMetadata,extension,0..*,,,,,,,,,
DiagnosticReportEuImagingMinimalMetadata,extension[anatomical-region],0..*,,,,,,,,,
DiagnosticReportEuImagingMinimalMetadata,extension[artifactVersion],0..1,,,,,,,,,
DiagnosticReportEuImagingMinimalMetadata,extension[communication],0..*,Y,,,,,,,,
DiagnosticReportEuImagingMinimalMetadata,extension[comparison],0..*,Y,,,,,,,,
DiagnosticReportEuImagingMinimalMetadata,extension[finding],0..*,Y,,,,,,,,
DiagnosticReportEuImagingMinimalMetadata,extension[impression],0..*,Y,,,,,,,,
DiagnosticReportEuImagingMinimalMetadata,extension[note],0..*,,,,,,,,,
DiagnosticReportEuImagingMinimalMetadata,extension[note].extension,0..0,,,,,,,,,
DiagnosticReportEuImagingMinimalMetadata,extension[note].value[x].extension[annotation-type],0..*,,,,,,,,,
DiagnosticReportEuImagingMinimalMetadata,extension[note].value[x].extension[annotation-type].value[x],1..1,,,,,,,,,
DiagnosticReportEuImagingMinimalMetadata,extension[patientHistory],0..*,Y,,,,,,,,
DiagnosticReportEuImagingMinimalMetadata,extension[procedure],0..*,Y,,,,,,,,
DiagnosticReportEuImagingMinimalMetadata,extension[recommendation],0..*,Y,,,,,,,,
DiagnosticReportEuImagingMinimalMetadata,identifier,1..*,,,,,,,,,
DiagnosticReportEuImagingMinimalMetadata,imagingStudy,0..*,,,,,,,,,
DiagnosticReportEuImagingMinimalMetadata,imagingStudy[study-identifier],0..*,,,,,,,,,
DiagnosticReportEuImagingMinimalMetadata,imagingStudy[study-identifier].identifier,1..1,,,,,,,,,
DiagnosticReportEuImagingMinimalMetadata,imagingStudy[study-identifier].reference,0..0,,,,,,,,,
DiagnosticReportEuImagingMinimalMetadata,imagingStudy[study-resource],0..*,,,,,,,,,
DiagnosticReportEuImagingMinimalMetadata,imagingStudy[study-resource].identifier,0..0,,,,,,,,,
DiagnosticReportEuImagingMinimalMetadata,imagingStudy[study-resource].reference,1..1,,,,,,,,,
DiagnosticReportEuImagingMinimalMetadata,issued,0..1,,,,,,,,,
DiagnosticReportEuImagingMinimalMetadata,note.extension[annotation-type],0..*,,,,,,,,,
DiagnosticReportEuImagingMinimalMetadata,note.extension[annotation-type].value[x],1..1,,,,,,,,,
DiagnosticReportEuImagingMinimalMetadata,performer,0..*,,,,,,,,,
DiagnosticReportEuImagingMinimalMetadata,performer[organization],0..*,,,,,,,,,
DiagnosticReportEuImagingMinimalMetadata,result,0..*,Y,,,,,,,,
DiagnosticReportEuImagingMinimalMetadata,resultsInterpreter,0..*,,,,,,,,,
DiagnosticReportEuImagingMinimalMetadata,resultsInterpreter[author],0..*,,,,,,,,,
DiagnosticReportEuImagingMinimalMetadata,status,1..1,,,,,,,,,
DiagnosticReportEuImagingMinimalMetadata,study,0..*,,,,,,,,,
DiagnosticReportEuImagingMinimalMetadata,study[study-identifier],0..*,,,,,,,,,
DiagnosticReportEuImagingMinimalMetadata,study[study-identifier].identifier,1..1,,,,,,,,,
DiagnosticReportEuImagingMinimalMetadata,study[study-identifier].reference,0..0,,,,,,,,,
DiagnosticReportEuImagingMinimalMetadata,study[study-resource],0..*,,,,,,,,,
DiagnosticReportEuImagingMinimalMetadata,study[study-resource].identifier,0..0,,,,,,,,,
DiagnosticReportEuImagingMinimalMetadata,study[study-resource].reference,1..1,,,,,,,,,
DiagnosticReportEuImagingMinimalMetadata,subject,1..1,,,,,,,,,
DocumentReferenceImagingReport,bodySite,0..*,,,,,,,,,
DocumentReferenceImagingReport,bodySite.concept,1..1,,,,,,,,,
DocumentReferenceImagingReport,bodySite.concept.coding,0..*,,,,,,,,,
DocumentReferenceImagingReport,category,1..1,Y,,,,,,,,
DocumentReferenceImagingReport,category.coding,1..*,,,,,,,,,
DocumentReferenceImagingReport,category.coding[priority-area],1..1,,,,,,,,,
DocumentReferenceImagingReport,content,1..1,,,,,,,,,
DocumentReferenceImagingReport,content.extension,0..*,,,,,,,,,
DocumentReferenceImagingReport,content.extension[profile],1..*,,,,,,,,,
DocumentReferenceImagingReport,content.profile,1..*,,,,,,,,,
DocumentReferenceImagingReport,content.profile[bundle-report-minimal-metadata],0..1,,,,,,,,,
DocumentReferenceImagingReport,content.profile[bundle-report-minimal-metadata].value[x],1..1,,,,,,,,,
DocumentReferenceImagingReport,content.profile[bundle-report-minimal-metadata].value[x][valueCanonical],0..1,,,,,,,,,
DocumentReferenceImagingReport,content.profile[bundle-report],0..1,,,,,,,,,
DocumentReferenceImagingReport,content.profile[bundle-report].value[x],1..1,,,,,,,,,
DocumentReferenceImagingReport,content.profile[bundle-report].value[x][valueCanonical],0..1,,,,,,,,,
DocumentReferenceImagingReport,context.practiceSetting,0..1,Y,,,,,,,,
DocumentReferenceImagingReport,custodian,0..1,,,,,,,,,
DocumentReferenceImagingReport,date,1..1,Y,,,,,,,,
DocumentReferenceImagingReport,extension,0..*,,,,,,,,,
DocumentReferenceImagingReport,extension[bodysite],0..1,,,,,,,,,
DocumentReferenceImagingReport,extension[bodysite].extension,1..*,,,,,,,,,
DocumentReferenceImagingReport,extension[bodysite].extension[concept],1..1,,,,,,,,,
DocumentReferenceImagingReport,extension[bodysite].extension[concept].extension,0..0,,,,,,,,,
DocumentReferenceImagingReport,extension[bodysite].extension[concept].value[x],0..1,,,,,,,,,
DocumentReferenceImagingReport,extension[bodysite].value[x],0..0,,,,,,,,,
DocumentReferenceImagingReport,extension[modality],1..1,,,,,,,,,
DocumentReferenceImagingReport,extension[version],0..1,,,,,,,,,
DocumentReferenceImagingReport,practiceSetting,0..1,,,,,,,,,
DocumentReferenceImagingReport,subject,1..1,Y,,,,,,,,
DocumentReferenceImagingReport,type,1..1,Y,,,,,,,,
DocumentReferenceImagingReport,type.coding,1..*,,,,,,,,,
DocumentReferenceImagingReport,type.coding[imaging-report],1..1,,,,,,,,,
DocumentReferenceKeyImageEuImaging,author,0..*,,,,,,,,,
DocumentReferenceKeyImageEuImaging,author[performer],0..*,,,,,,,,,
DocumentReferenceKeyImageEuImaging,basedOn,0..*,,,,,,,,,
DocumentReferenceKeyImageEuImaging,basedOn[ServiceRequestOrderEuImagingaccession],0..1,,,,,,,,,
DocumentReferenceKeyImageEuImaging,basedOn[ServiceRequestOrderEuImagingaccession].identifier,1..1,,,,,,,,,
DocumentReferenceKeyImageEuImaging,category,1..*,,,,,,,,,
DocumentReferenceKeyImageEuImaging,category[imkeyimages],1..1,,,,,,,,,
DocumentReferenceKeyImageEuImaging,category[imkeyimages].coding,1..*,,,,,,,,,
DocumentReferenceKeyImageEuImaging,category[imkeyimages].coding[keyimagecode],1..1,,,,,,,,,
DocumentReferenceKeyImageEuImaging,content,1..*,,,,,,,,,
DocumentReferenceKeyImageEuImaging,content[content],1..1,,,,,,,,,
DocumentReferenceKeyImageEuImaging,content[content].attachment.url,1..1,,,,,,,,,
DocumentReferenceKeyImageEuImaging,content[content].extension,1..*,,,,,,,,,
DocumentReferenceKeyImageEuImaging,content[content].extension[thumbnail],1..1,,,,,,,,,
DocumentReferenceKeyImageEuImaging,content[content].extension[thumbnail].value[x],1..1,,,,,,,,,
DocumentReferenceKeyImageEuImaging,content[thumbnail],0..1,,,,,,,,,
DocumentReferenceKeyImageEuImaging,content[thumbnail].extension,1..*,,,,,,,,,
DocumentReferenceKeyImageEuImaging,content[thumbnail].extension[thumbnail],1..1,,,,,,,,,
DocumentReferenceKeyImageEuImaging,content[thumbnail].extension[thumbnail].value[x],1..1,,,,,,,,,
DocumentReferenceKeyImageEuImaging,extension,0..*,,,,,,,,,
DocumentReferenceKeyImageEuImaging,extension[basedOn/ServiceRequestOrderEuImagingaccession],0..1,,,,,,,,,
DocumentReferenceKeyImageEuImaging,extension[basedOn/ServiceRequestOrderEuImagingaccession].extension,0..0,,,,,,,,,
DocumentReferenceKeyImageEuImaging,extension[basedOn/ServiceRequestOrderEuImagingaccession].value[x],0..1,,,,,,,,,
DocumentReferenceKeyImageEuImaging,extension[basedOn/ServiceRequestOrderEuImagingaccession].value[x].identifier,1..1,,,,,,,,,
DocumentReferenceKeyImageEuImaging,extension[basedOn],0..*,,,,,,,,,
DocumentReferenceKeyImageEuImaging,extension[modality],1..1,,,,,,,,,
DocumentReferenceKeyImageEuImaging,identifier,0..*,,,,,,,,,
DocumentReferenceKeyImageEuImaging,identifier[seriesInstanceUid],0..1,,,,,,,,,
DocumentReferenceKeyImageEuImaging,identifier[seriesInstanceUid].system,1..1,,,,,,,,,
DocumentReferenceKeyImageEuImaging,identifier[seriesInstanceUid].type,1..1,,,,,,,,,
DocumentReferenceKeyImageEuImaging,identifier[seriesInstanceUid].value,1..1,,,,,,,,,
DocumentReferenceKeyImageEuImaging,identifier[sopClassInstanceUid],0..1,,,,,,,,,
DocumentReferenceKeyImageEuImaging,identifier[sopClassInstanceUid].system,1..1,,,,,,,,,
DocumentReferenceKeyImageEuImaging,identifier[sopClassInstanceUid].type,1..1,,,,,,,,,
DocumentReferenceKeyImageEuImaging,identifier[sopClassInstanceUid].value,1..1,,,,,,,,,
DocumentReferenceKeyImageEuImaging,modality,1..1,,,,,,,,,
DocumentReferenceKeyImageEuImaging,subject,1..1,,,,,,,,,
DocumentReferenceKeyImageEuImaging,type,0..1,,,,,,,,,
EuAddress,city,,,,,,,,,EHDSAddress.city,EHDSAddress.city
EuAddress,country,,,,,,,,,EHDSAddress.country,EHDSAddress.country
EuAddress,country.extension[countryCode],,,,,,,,,EHDSAddress.country,EHDSAddress.country
EuAddress,line,,,,,,,,,"EHDSAddress.street, EHDSAddress.houseNumber, EHDSAddress.postBox","EHDSAddress.street, EHDSAddress.houseNumber, EHDSAddress.postBox"
EuAddress,line.extension[houseNumber],,,,,,,,,EHDSAddress.houseNumber,EHDSAddress.houseNumber
EuAddress,line.extension[postBox],,,,,,,,,EHDSAddress.postBox,EHDSAddress.postBox
EuAddress,line.extension[streetName],,,,,,,,,EHDSAddress.street,EHDSAddress.street
EuAddress,postalCode,,,,,,,,,EHDSAddress.postalCode,EHDSAddress.postalCode
EuAddress,text,,,,,,,,,EHDSAddress.text,EHDSAddress.text
EuAddress,type,,,,,,,,,EHDSAddress.type,EHDSAddress.type
EuAddress,use,,,,,,,,,EHDSAddress.use,EHDSAddress.use
EuAllergyIntolerance,code,,,SHALL:able-to-populate,,,,,,EHDSAllergyIntolerance.agentOrAllergen,EHDSAllergyIntolerance.agentOrAllergen
EuAllergyIntolerance,criticality,,,SHOULD:able-to-populate,,,,,,EHDSAllergyIntolerance.criticality,EHDSAllergyIntolerance.criticality
EuAllergyIntolerance,extension[abatement].valueDateTime,,,,,,,,,EHDSAllergyIntolerance.endDate,EHDSAllergyIntolerance.endDate
EuAllergyIntolerance,identifier,,,SHOULD:able-to-populate,,,,,,EHDSAllergyIntolerance.header.identifier,EHDSAllergyIntolerance.header.identifier
EuAllergyIntolerance,language,,,,,,,,,EHDSAllergyIntolerance.header.language,EHDSAllergyIntolerance.header.language
EuAllergyIntolerance,onsetDateTime,,,,,,,,,EHDSAllergyIntolerance.onsetDate,EHDSAllergyIntolerance.onsetDate
EuAllergyIntolerance,onsetPeriod,,,,,,,,,EHDSAllergyIntolerance.onsetDate,EHDSAllergyIntolerance.onsetDate
EuAllergyIntolerance,patient,,,SHALL:able-to-populate,,,,,,EHDSAllergyIntolerance.header.subject,EHDSAllergyIntolerance.header.subject
EuAllergyIntolerance,reaction,,,,,,,,,EHDSAllergyIntolerance.reaction,EHDSAllergyIntolerance.reaction
EuAllergyIntolerance,reaction.manifestation,,,SHALL:able-to-populate,,,,,,EHDSAllergyIntolerance.reaction.manifestation,EHDSAllergyIntolerance.reaction.manifestation
EuAllergyIntolerance,reaction.severity,,,,,,,,,EHDSAllergyIntolerance.reaction.severity,EHDSAllergyIntolerance.reaction.severity
EuAllergyIntolerance,reaction.substance,,,SHALL:able-to-populate,,,,,,EHDSAllergyIntolerance.agentOrAllergen,EHDSAllergyIntolerance.agentOrAllergen
EuAllergyIntolerance,verificationStatus,,,SHALL:able-to-populate,,,,,,"EHDSAllergyIntolerance.header.status, EHDSAllergyIntolerance.certainty","EHDSAllergyIntolerance.header.status, EHDSAllergyIntolerance.certainty"
EuAttachment,contentType,,,,,,,,,EHDSAttachment.contentType,EHDSAttachment.contentType
EuAttachment,data,,,,,,,,,EHDSAttachment.data,EHDSAttachment.data
EuAttachment,language,,,,,,,,,EHDSAttachment.language,EHDSAttachment.language
EuAttachment,size,,,,,,,,,EHDSAttachment.size,EHDSAttachment.size
EuAttachment,title,,,,,,,,,EHDSAttachment.title,EHDSAttachment.title
EuAttachment,url,,,,,,,,,EHDSAttachment.url,EHDSAttachment.url
EuCarePlan,activity,,,,,,,,,EHDSCarePlan.activity[x],EHDSCarePlan.activity[x]
EuCarePlan,description,,,SHALL:able-to-populate,SHOULD:process,SHOULD:able-to-populate,,SHOULD:able-to-populate,,"EHDSCarePlan.description, EHDSImagingReport.body.recommendation.description","EHDSCarePlan.description, EHDSImagingReport.body.recommendation.description"
EuCarePlan,description.extension[http://hl7.org/fhir/StructureDefinition/rendering-xhtml],,,,,,,,,EHDSCarePlan.description,EHDSCarePlan.description
EuCarePlan,identifier,,,,,,,,,EHDSCarePlan.header.identifier,EHDSCarePlan.header.identifier
EuCarePlan,language,,,,,,,,,EHDSCarePlan.header.language,EHDSCarePlan.header.language
EuCarePlan,status,,,,,,,,,EHDSCarePlan.header.status,EHDSCarePlan.header.status
EuCarePlan,subject,,,,,,,,,"EHDSCarePlan.header.subject, EHDSCarePlan.period","EHDSCarePlan.header.subject, EHDSCarePlan.period"
EuCarePlan,title,,,,,,,,,EHDSCarePlan.title,EHDSCarePlan.title
EuCarePlan,title.extension[http://hl7.org/fhir/StructureDefinition/rendering-xhtml],,,,,,,,,EHDSCarePlan.title,EHDSCarePlan.title
EuCondition,abatement[x],,,SHALL:able-to-populate,,,,,,EHDSCondition.endDate,EHDSCondition.endDate
EuCondition,category,,,,,,,,,EHDSCondition.category,EHDSCondition.category
EuCondition,code,,,SHALL:able-to-populate,,,,,,EHDSCondition.problem,EHDSCondition.problem
EuCondition,evidence,,,,,,,,,EHDSCondition.externalResource,EHDSCondition.externalResource
EuCondition,evidence.concept,,,,,,,,,EHDSCondition.resolutionCircumstances,EHDSCondition.resolutionCircumstances
EuCondition,identifier,,,SHOULD:able-to-populate,,,,,,EHDSCondition.header.identifier,EHDSCondition.header.identifier
EuCondition,language,,,,,,,,,EHDSCondition.header.language,EHDSCondition.header.language
EuCondition,onset[x],,,SHOULD:able-to-populate,,,,,,EHDSCondition.onsetDate,EHDSCondition.onsetDate
EuCondition,participant.extension[specialist-contact],,,,,,,,,EHDSCondition.specialistContact,EHDSCondition.specialistContact
EuCondition,severity,,,,,,,,,EHDSCondition.severity,EHDSCondition.severity
EuCondition,stage,,,,,,,,,EHDSCondition.stage,EHDSCondition.stage
EuCondition,subject,,,SHALL:able-to-populate,"SHALL:display, SHALL:process",,,,,EHDSCondition.header.subject,EHDSCondition.header.subject
EuCondition,verificationStatus,,,,,,,,,EHDSCondition.diagnosisAssertionStatus,EHDSCondition.diagnosisAssertionStatus
EuDevice,expirationDate,,,,,,,,,EHDSDevice.expiryDate,EHDSDevice.expiryDate
EuDevice,lotNumber,,,SHOULD:able-to-populate,,,,,,EHDSDevice.lotNumber,EHDSDevice.lotNumber
EuDevice,manufactureDate,,,,,,,,,EHDSDevice.manufactureDate,EHDSDevice.manufactureDate
EuDevice,manufacturer,,,SHOULD:able-to-populate,SHOULD:display,,,,,EHDSDevice.manufacturer,EHDSDevice.manufacturer
EuDevice,modelNumber,,,SHOULD:able-to-populate,,,,,,EHDSDevice.modelNumber,EHDSDevice.modelNumber
EuDevice,name,,,SHOULD:able-to-populate,SHOULD:display,,,,,EHDSDevice.name,EHDSDevice.name
EuDevice,note,,,"SHALL:able-to-populate, SHOULD:able-to-populate",SHALL:display,,,,,EHDSDevice.note,EHDSDevice.note
EuDevice,serialNumber,,,,,,,,,EHDSDevice.serialNumber,EHDSDevice.serialNumber
EuDevice,type,,,SHOULD:able-to-populate,,,,,,EHDSDevice.type,EHDSDevice.type
EuDevice,version,,,SHOULD:able-to-populate,,,,,,EHDSDevice.version,EHDSDevice.version
EuEncounter,admission,,,,,,,,,EHDSEncounter.admission,EHDSEncounter.admission
EuEncounter,admission.admitSource,,,,,,,,,EHDSEncounter.admission.admitSource,EHDSEncounter.admission.admitSource
EuEncounter,basedOn,,,,,,,,,EHDSEncounter.basedOn[x],EHDSEncounter.basedOn[x]
EuEncounter,extension[note],,,,,,,,,EHDSEncounter.note,EHDSEncounter.note
EuEncounter,identifier,,,,,,,,,EHDSEncounter.header.identifier,EHDSEncounter.header.identifier
EuEncounter,language,,,,,,,,,EHDSEncounter.header.language,EHDSEncounter.header.language
EuEncounter,participant[admitter].actor,,,,,,,,,EHDSEncounter.admission.admitter,EHDSEncounter.admission.admitter
EuEncounter,priority,,,,,,,,,EHDSEncounter.priority,EHDSEncounter.priority
EuEncounter,serviceProvider,,,,,,,,,EHDSEncounter.serviceProvider,EHDSEncounter.serviceProvider
EuEncounter,status,,,,,,,,,EHDSEncounter.header.status,EHDSEncounter.header.status
EuEncounter,subject,,,,,,,,,EHDSEncounter.header.subject,EHDSEncounter.header.subject
EuEncounter,type,,,,,,,,,EHDSEncounter.type,EHDSEncounter.type
EuEndpoint,address,,,,,,,,,EHDSEndpoint.address,EHDSEndpoint.address
EuEndpoint,connectionType,,,,,,,,,EHDSEndpoint.connectionType,EHDSEndpoint.connectionType
EuEndpoint,header,,,,,,,,,EHDSEndpoint.header,EHDSEndpoint.header
EuEndpoint,identifier,,,,,,,,,EHDSEndpoint.identifier,EHDSEndpoint.identifier
EuEndpoint,managingOrganization,,,,,,,,,EHDSEndpoint.managingOrganisation,EHDSEndpoint.managingOrganisation
EuEndpoint,name,,,,,,,,,EHDSEndpoint.name,EHDSEndpoint.name
EuEndpoint,payload,,,,,,,,,EHDSEndpoint.payload,EHDSEndpoint.payload
EuEndpoint,payload.mimeType,,,,,,,,,EHDSEndpoint.payload.mimeType,EHDSEndpoint.payload.mimeType
EuEndpoint,payload.type,,,,,,,,,EHDSEndpoint.payload.type,EHDSEndpoint.payload.type
EuEndpoint,status,,,,,,,,,EHDSEndpoint.status,EHDSEndpoint.status
EuHumanName,family,,,,,,,,,EHDSHumanName.family,EHDSHumanName.family
EuHumanName,given,,,,,,,,,EHDSHumanName.given,EHDSHumanName.given
EuHumanName,prefix,,,,,,,,,EHDSHumanName.prefix,EHDSHumanName.prefix
EuHumanName,suffix,,,,,,,,,EHDSHumanName.suffix,EHDSHumanName.suffix
EuHumanName,text,,,,,,,,,EHDSHumanName.text,EHDSHumanName.text
EuHumanName,use,,,,,,,,,EHDSHumanName.use,EHDSHumanName.use
EuMedicationAdministration,identifier,,,,,,,,,EHDSMedicationAdministration.header.identifier,EHDSMedicationAdministration.header.identifier
EuMedicationAdministration,language,,,,,,,,,EHDSMedicationAdministration.header.language,EHDSMedicationAdministration.header.language
EuMedicationAdministration,medication,,,SHALL:able-to-populate,SHALL:display,,,,,EHDSMedicationAdministration.medication,EHDSMedicationAdministration.medication
EuMedicationAdministration,note,,,SHOULD:able-to-populate,,,,,,EHDSMedicationAdministration.note,EHDSMedicationAdministration.note
EuMedicationAdministration,occurenceDateTime,,,"SHALL:able-to-populate, SHOULD:able-to-populate",SHALL:display,,,,,EHDSMedicationAdministration.occurrence[x],EHDSMedicationAdministration.occurrence[x]
EuMedicationAdministration,occurencePeriod,,,"SHALL:able-to-populate, SHOULD:able-to-populate",SHALL:display,,,,,EHDSMedicationAdministration.occurrence[x],EHDSMedicationAdministration.occurrence[x]
EuMedicationAdministration,partOf,,,SHALL:able-to-populate,SHOULD:process,,,SHALL:able-to-populate,,EHDSImagingReport.body.examinationReport.medicationAdministration,EHDSImagingReport.body.examinationReport.medicationAdministration
EuMedicationAdministration,reason,,,,,,,,,EHDSMedicationAdministration.reason[x],EHDSMedicationAdministration.reason[x]
EuMedicationAdministration,status,,,SHALL:able-to-populate,,,,,,EHDSMedicationAdministration.header.status,EHDSMedicationAdministration.header.status
EuMedicationAdministration,subject,,,SHALL:able-to-populate,"SHALL:display, SHALL:process",,,,,EHDSMedicationAdministration.header.subject,EHDSMedicationAdministration.header.subject
EuObservation,basedOn,,,,,,,,,EHDSObservation.order,EHDSObservation.order
EuObservation,code,,,SHALL:able-to-populate,"SHALL:display, SHALL:process",,,,,EHDSObservation.component.type,EHDSObservation.component.type
EuObservation,component,,,,,,,,,EHDSObservation.component,EHDSObservation.component
EuObservation,component.interpretation,,,,,,,,,EHDSObservation.component.interpretation,EHDSObservation.component.interpretation
EuObservation,component.referenceRange,,,SHOULD:able-to-populate,SHALL:display,,,,,EHDSObservation.component.referenceRange,EHDSObservation.component.referenceRange
EuObservation,derivedFrom,,,,,,,,,EHDSObservation.derivedFrom[x],EHDSObservation.derivedFrom[x]
EuObservation,effectiveDateTime,,,"SHALL:able-to-populate, SHOULD:able-to-populate",SHALL:display,,,,,EHDSObservation.observationDate[x],EHDSObservation.observationDate[x]
EuObservation,effectivePeriod,,,"SHALL:able-to-populate, SHOULD:able-to-populate",SHALL:display,,,,,EHDSObservation.observationDate[x],EHDSObservation.observationDate[x]
EuObservation,focus,,,SHALL:able-to-populate,SHALL:display,,,,,EHDSObservation.header.directSubject[x],EHDSObservation.header.directSubject[x]
EuObservation,hasMember,,,,,,,,,EHDSObservation.hasMember[x],EHDSObservation.hasMember[x]
EuObservation,identifier,,,SHALL:able-to-populate,SHALL:process,,,,,EHDSObservation.header.identifier,EHDSObservation.header.identifier
EuObservation,interpretation,,,,,,,,,EHDSObservation.interpretation,EHDSObservation.interpretation
EuObservation,language,,,,,,,,,EHDSObservation.header.language,EHDSObservation.header.language
EuObservation,method,,,,,,,,,EHDSObservation.method,EHDSObservation.method
EuObservation,referenceRange,,,SHOULD:able-to-populate,SHALL:display,,,,,EHDSObservation.referenceRange,EHDSObservation.referenceRange
EuObservation,status,,,SHALL:able-to-populate,SHALL:display,,,,,EHDSObservation.header.status,EHDSObservation.header.status
EuObservation,subject,,,SHALL:able-to-populate,"SHALL:display, SHALL:process",,,,,EHDSObservation.header.subject,EHDSObservation.header.subject
EuObservation,valueCodeableConcept,,,"SHALL:able-to-populate, SHOULD:able-to-populate",SHALL:display,,,,,"EHDSObservation.result.value[x], EHDSObservation.component.result.value[x]","EHDSObservation.result.value[x], EHDSObservation.component.result.value[x]"
EuObservation,valueQuantity,,,"SHALL:able-to-populate, SHOULD:able-to-populate",SHALL:display,,,,,"EHDSObservation.result.value[x], EHDSObservation.component.result.value[x]","EHDSObservation.result.value[x], EHDSObservation.component.result.value[x]"
EuObservation,valueRange,,,"SHALL:able-to-populate, SHOULD:able-to-populate",SHALL:display,,,,,"EHDSObservation.result.value[x], EHDSObservation.component.result.value[x]","EHDSObservation.result.value[x], EHDSObservation.component.result.value[x]"
EuObservation,valueString,,,"SHALL:able-to-populate, SHOULD:able-to-populate",SHALL:display,,,,,"EHDSObservation.result.value[x], EHDSObservation.component.result.value[x]","EHDSObservation.result.value[x], EHDSObservation.component.result.value[x]"
EuOrganization,contact.address,,,SHALL:able-to-populate,SHALL:display,,,,,EHDSOrganisation.address,EHDSOrganisation.address
EuOrganization,contact.telecom,,,"SHALL:able-to-populate, SHOULD:able-to-populate",SHALL:display,,,,,EHDSOrganisation.telecom,EHDSOrganisation.telecom
EuOrganization,identifier,,,SHALL:able-to-populate,SHALL:process,,,,,EHDSOrganisation.identifier,EHDSOrganisation.identifier
EuOrganization,name,,,SHALL:able-to-populate,SHALL:display,,,,,EHDSOrganisation.name,EHDSOrganisation.name
EuOrganization,partOf,,,SHOULD:able-to-populate,SHALL:display,,,,,EHDSOrganisation.partOf,EHDSOrganisation.partOf
EuOrganization,type,,,,,,,,,EHDSOrganisation.type,EHDSOrganisation.type
EuPatient,address,,,,,,,,,EHDSPatient.address,EHDSPatient.address
EuPatient,birthDate,,,"SHALL:able-to-populate, SHOULD:able-to-populate",SHALL:display,,,,,EHDSPatient.dateOfBirth,EHDSPatient.dateOfBirth
EuPatient,extension[sex-for-clinical-use],,,SHOULD:able-to-populate,,SHOULD:able-to-populate,,,,EHDSImagingReport.body.supportingInformation.sexForClinicalUse,EHDSImagingReport.body.supportingInformation.sexForClinicalUse
EuPatient,gender,,,"SHALL:able-to-populate, SHOULD:able-to-populate",SHALL:display,,,,,EHDSPatient.administrativeGender,EHDSPatient.administrativeGender
EuPatient,name,,,SHALL:able-to-populate,SHALL:display,,,,,EHDSPatient.name,EHDSPatient.name
EuPatient,telecom,,,,,,,,,EHDSPatient.telecom,EHDSPatient.telecom
EuPractitioner,address,,,,,,,,,EHDSHealthProfessional.address,EHDSHealthProfessional.address
EuPractitioner,identifier,,,SHALL:able-to-populate,SHALL:process,,,,,EHDSHealthProfessional.identifier,EHDSHealthProfessional.identifier
EuPractitioner,name,,,SHALL:able-to-populate,SHALL:display,,,,,EHDSHealthProfessional.name,EHDSHealthProfessional.name
EuPractitioner,telecom,,,,SHALL:display,,,,,EHDSHealthProfessional.telecom,EHDSHealthProfessional.telecom
EuPractitionerRole,practitioner,,,,,,,,,,
EuProcedure,bodySite,,,"SHALL:able-to-populate, SHOULD:able-to-populate",,,,,,EHDSProcedure.bodySite,EHDSProcedure.bodySite
EuProcedure,code,,,SHALL:able-to-populate,SHALL:display,,,,,EHDSProcedure.code,EHDSProcedure.code
EuProcedure,complication.concept,,,,,,,,,EHDSProcedure.complication,EHDSProcedure.complication
EuProcedure,focalDevice.manipulated,,,,,,,,,EHDSProcedure.focalDevice,EHDSProcedure.focalDevice
EuProcedure,identifier,,,SHOULD:able-to-populate,,,,,,EHDSProcedure.header.identifier,EHDSProcedure.header.identifier
EuProcedure,language,,,,,,,,,EHDSProcedure.header.language,EHDSProcedure.header.language
EuProcedure,note,,,SHOULD:able-to-populate,SHALL:display,,,,,EHDSProcedure.note,EHDSProcedure.note
EuProcedure,outcome,,,,,,,,,EHDSProcedure.outcome,EHDSProcedure.outcome
EuProcedure,performer.actor,,,,,,,,,EHDSProcedure.performer,EHDSProcedure.performer
EuProcedure,reason,,,,,,,,,EHDSProcedure.reason[x],EHDSProcedure.reason[x]
EuProcedure,status,,,SHALL:able-to-populate,,,,,,EHDSProcedure.header.status,EHDSProcedure.header.status
EuProcedure,subject,,,SHALL:able-to-populate,"SHALL:display, SHALL:process",,,,,EHDSProcedure.header.subject,EHDSProcedure.header.subject
EuProcedure,used[device],,,,,,,,,EHDSProcedure.deviceUsed,EHDSProcedure.deviceUsed
EuQuantity,extension[uncertaintyType],,,SHOULD:able-to-populate,SHOULD:display,,,,,EHDSObservation.component.result.uncertainty,EHDSObservation.component.result.uncertainty
EuQuantity,extension[uncertainty],,,SHOULD:able-to-populate,SHOULD:display,,,,,"EHDSObservation.result.uncertainty, EHDSObservation.component.result.uncertainty","EHDSObservation.result.uncertainty, EHDSObservation.component.result.uncertainty"
EuServiceRequest,encounter,,,,,,,,,EHDSServiceRequest.encounter,EHDSServiceRequest.encounter
EuServiceRequest,identifier,,,SHOULD:able-to-populate,,,,,,EHDSServiceRequest.header.identifier,EHDSServiceRequest.header.identifier
EuServiceRequest,language,,,,,,,,,EHDSServiceRequest.header.language,EHDSServiceRequest.header.language
EuServiceRequest,occurrenceDateTime,,,,,,,,,EHDSServiceRequest.occurrence[x],EHDSServiceRequest.occurrence[x]
EuServiceRequest,occurrencePeriod,,,,,,,,,EHDSServiceRequest.occurrence[x],EHDSServiceRequest.occurrence[x]
EuServiceRequest,patientInstruction.instructionMarkdown,,,,,,,,,EHDSServiceRequest.patientInstructions,EHDSServiceRequest.patientInstructions
EuServiceRequest,priority,,,SHOULD:able-to-populate,,,,,,EHDSServiceRequest.priority,EHDSServiceRequest.priority
EuServiceRequest,quantityQuantity,,,SHALL:able-to-populate,,,,,,EHDSServiceRequest.quantity,EHDSServiceRequest.quantity
EuServiceRequest,specimen,,,SHALL:able-to-populate,,,,,,EHDSServiceRequest.specimen,EHDSServiceRequest.specimen
EuServiceRequest,status,,,SHALL:able-to-populate,,,,,,EHDSServiceRequest.header.status,EHDSServiceRequest.header.status
EuServiceRequest,subject,,,SHALL:able-to-populate,,,,,,EHDSServiceRequest.header.subject,EHDSServiceRequest.header.subject
EuServiceRequest,supportingInfo,,,SHOULD:able-to-populate,,,,,,EHDSServiceRequest.supportingInformation[x],EHDSServiceRequest.supportingInformation[x]
EuSimpleQuantity,extension[uncertaintyType],,,SHOULD:able-to-populate,SHOULD:display,,,,,EHDSObservation.component.result.uncertainty,EHDSObservation.component.result.uncertainty
EuSimpleQuantity,extension[uncertainty],,,SHOULD:able-to-populate,SHOULD:display,,,,,EHDSObservation.component.result.uncertainty,EHDSObservation.component.result.uncertainty
HL7IDRCommunicationExt,extension,0..0,,,,,,,,,
HL7IDRCommunicationExt,url,1..1,,,,,,,,,
HL7IDRCommunicationExt,value[x],0..1,,,,,,,,,
HL7IDRComparisonStudiesExt,extension,0..0,,,,,,,,,
HL7IDRComparisonStudiesExt,url,1..1,,,,,,,,,
HL7IDRComparisonStudiesExt,value[x],0..1,,,,,,,,,
HL7IDRFindingExt,extension,0..0,,,,,,,,,
HL7IDRFindingExt,url,1..1,,,,,,,,,
HL7IDRFindingExt,value[x],0..1,,,,,,,,,
HL7IDRImagingProcedureExt,extension,0..0,,,,,,,,,
HL7IDRImagingProcedureExt,url,1..1,,,,,,,,,
HL7IDRImagingProcedureExt,value[x],0..1,,,,,,,,,
HL7IDRImpressionExt,extension,0..0,,,,,,,,,
HL7IDRImpressionExt,url,1..1,,,,,,,,,
HL7IDRImpressionExt,value[x],0..1,,,,,,,,,
HL7IDRPatientHistoryExt,extension,0..0,,,,,,,,,
HL7IDRPatientHistoryExt,url,1..1,,,,,,,,,
HL7IDRPatientHistoryExt,value[x],0..1,,,,,,,,,
HL7IDRRecommendationExt,extension,0..0,,,,,,,,,
HL7IDRRecommendationExt,url,1..1,,,,,,,,,
HL7IDRRecommendationExt,value[x],0..1,,,,,,,,,
ICD-11,SNOMED CT (preferred),,,,,,,,,EHDSPregnancyHistory.outcome,EHDSPregnancyHistory.outcome
ImDocumentReferenceContentProfile,extension,0..0,,,,,,,,,
ImDocumentReferenceContentProfile,url,1..1,,,,,,,,,
ImDocumentReferenceContentProfile,value[x],0..1,,,,,,,,,
ImagingSelectionEuImaging,derivedFrom,1..*,,,,,,,,,
ImagingSelectionEuImaging,derivedFrom[study],1..1,,,,,,,,,
ImagingSelectionEuImaging,subject,0..1,,,,,,,,,
ImagingSelectionKeyImageEuImaging,extension,0..*,,,,,,,,,
ImagingSelectionKeyImageEuImaging,extension[description],0..1,,,,,,,,,
ImagingSelectionKeyImageEuImaging,extension[title],0..1,,,,,,,,,
ImagingSelectionKeyImageEuImaging,performer,0..*,,,,,,,,,
ImagingSelectionKeyImageEuImaging,performer[device],0..1,,,,,,,,,
ImagingSelectionKeyImageEuImaging,performer[device].actor,0..1,,,,,,,,,
ImagingSelectionKeyImageEuImaging,performer[performer],0..1,,,,,,,,,
ImagingSelectionKeyImageEuImaging,performer[performer].actor,0..1,,,,,,,,,
ImagingStudyEuImaging,basedOn,0..*,,SHOULD:able-to-populate,SHOULD:process,SHOULD:able-to-populate,,SHOULD:able-to-populate,,EHDSImagingStudy.basedOn,EHDSImagingStudy.basedOn
ImagingStudyEuImaging,basedOn[ServiceRequestOrderEuImagingaccession],0..1,,,,,,,,,
ImagingStudyEuImaging,basedOn[ServiceRequestOrderEuImagingaccession].identifier,1..1,,,,,,,,,
ImagingStudyEuImaging,description,0..1,,SHALL:able-to-populate,SHOULD:process,SHALL:able-to-populate,,SHALL:able-to-populate,,EHDSImagingStudy.description,EHDSImagingStudy.description
ImagingStudyEuImaging,encounter,0..1,,SHOULD:able-to-populate,SHOULD:process,SHOULD:able-to-populate,,SHOULD:able-to-populate,,EHDSImagingStudy.encounter,EHDSImagingStudy.encounter
ImagingStudyEuImaging,endpoint,0..*,,SHALL:able-to-populate,SHALL:process,SHALL:able-to-populate,,SHALL:able-to-populate,,EHDSImagingStudy.studyEndpoint,EHDSImagingStudy.studyEndpoint
ImagingStudyEuImaging,extension,0..*,,,,,,,,,
ImagingStudyEuImaging,extension[anatomical-region],0..*,,,,,,,,,
ImagingStudyEuImaging,identifier,1..*,,,,,,,,,
ImagingStudyEuImaging,identifier[studyInstanceUid],1..1,,SHALL:able-to-populate,SHOULD:process,SHALL:able-to-populate,,SHALL:able-to-populate,,EHDSImagingStudy.header.identifier,EHDSImagingStudy.header.identifier
ImagingStudyEuImaging,language,0..1,,SHOULD:able-to-populate,,SHOULD:able-to-populate,,SHOULD:able-to-populate,,EHDSImagingStudy.header.language,EHDSImagingStudy.header.language
ImagingStudyEuImaging,modality,0..*,,SHOULD:able-to-populate,SHOULD:process,SHOULD:able-to-populate,,SHOULD:able-to-populate,,EHDSImagingReport.header.eventType,EHDSImagingReport.header.eventType
ImagingStudyEuImaging,numberOfInstances,0..1,,SHALL:able-to-populate,SHOULD:process,SHALL:able-to-populate,,SHALL:able-to-populate,,EHDSImagingStudy.numberOfInstances,EHDSImagingStudy.numberOfInstances
ImagingStudyEuImaging,numberOfSeries,0..1,,SHALL:able-to-populate,SHOULD:process,SHALL:able-to-populate,,SHALL:able-to-populate,,EHDSImagingStudy.numberOfSeries,EHDSImagingStudy.numberOfSeries
ImagingStudyEuImaging,series,0..*,,SHALL:able-to-populate,SHOULD:process,SHALL:able-to-populate,,SHALL:able-to-populate,,EHDSImagingStudy.series,EHDSImagingStudy.series
ImagingStudyEuImaging,series.bodySite,0..1,,SHALL:able-to-populate,SHOULD:process,SHALL:able-to-populate,,SHALL:able-to-populate,,"EHDSImagingReport.body.examinationReport.bodySite, EHDSImagingStudy.bodySite, EHDSImagingStudy.series.bodySite","EHDSImagingReport.body.examinationReport.bodySite, EHDSImagingStudy.bodySite, EHDSImagingStudy.series.bodySite"
ImagingStudyEuImaging,series.description,0..1,,SHALL:able-to-populate,SHOULD:process,SHALL:able-to-populate,,SHALL:able-to-populate,,EHDSImagingStudy.series.description,EHDSImagingStudy.series.description
ImagingStudyEuImaging,series.endpoint,0..*,,SHALL:able-to-populate,SHALL:process,SHALL:able-to-populate,,SHALL:able-to-populate,,EHDSImagingStudy.series.seriesEndpoint,EHDSImagingStudy.series.seriesEndpoint
ImagingStudyEuImaging,series.instance,0..*,,SHALL:able-to-populate,SHOULD:process,SHALL:able-to-populate,,SHALL:able-to-populate,,EHDSImagingStudy.series.instancesInTheSeries,EHDSImagingStudy.series.instancesInTheSeries
ImagingStudyEuImaging,series.instance.extension,0..*,,,,,,,,,
ImagingStudyEuImaging,series.instance.extension[instance-description],0..1,,SHALL:able-to-populate,SHOULD:process,SHALL:able-to-populate,,SHALL:able-to-populate,,EHDSImagingStudy.series.instancesInTheSeries.instanceTitle,EHDSImagingStudy.series.instancesInTheSeries.instanceTitle
ImagingStudyEuImaging,series.instance.extension[number-of-frames],0..1,,SHOULD:able-to-populate,,SHOULD:able-to-populate,,SHOULD:able-to-populate,,EHDSImagingStudy.series.instancesInTheSeries.numberOfFrames,EHDSImagingStudy.series.instancesInTheSeries.numberOfFrames
ImagingStudyEuImaging,series.instance.number,0..1,,SHALL:able-to-populate,SHOULD:process,SHALL:able-to-populate,,SHALL:able-to-populate,,EHDSImagingStudy.series.instancesInTheSeries.instanceNumber,EHDSImagingStudy.series.instancesInTheSeries.instanceNumber
ImagingStudyEuImaging,series.instance.sopClass,1..1,,SHALL:able-to-populate,SHOULD:process,SHALL:able-to-populate,,SHALL:able-to-populate,,EHDSImagingStudy.series.instancesInTheSeries.sopClass,EHDSImagingStudy.series.instancesInTheSeries.sopClass
ImagingStudyEuImaging,series.instance.uid,1..1,,SHALL:able-to-populate,SHOULD:process,SHALL:able-to-populate,,SHALL:able-to-populate,,EHDSImagingStudy.series.instancesInTheSeries.instanceUid,EHDSImagingStudy.series.instancesInTheSeries.instanceUid
ImagingStudyEuImaging,series.modality,1..1,,SHALL:able-to-populate,SHOULD:process,SHALL:able-to-populate,,SHALL:able-to-populate,,"EHDSImagingReport.header.eventType, EHDSImagingReport.body.examinationReport.modality, EHDSImagingStudy.modality, EHDSImagingStudy.series.seriesModality","EHDSImagingReport.header.eventType, EHDSImagingReport.body.examinationReport.modality, EHDSImagingStudy.modality, EHDSImagingStudy.series.seriesModality"
ImagingStudyEuImaging,series.number,0..1,,SHOULD:able-to-populate,SHOULD:process,SHOULD:able-to-populate,,SHOULD:able-to-populate,,EHDSImagingStudy.series.number,EHDSImagingStudy.series.number
ImagingStudyEuImaging,series.numberOfInstances,0..1,,SHALL:able-to-populate,SHOULD:process,SHALL:able-to-populate,,SHALL:able-to-populate,,EHDSImagingStudy.series.numberOfInstances,EHDSImagingStudy.series.numberOfInstances
ImagingStudyEuImaging,series.performer,0..*,,,,,,,,,
ImagingStudyEuImaging,series.performer.function,0..1,,,,,,,,,
ImagingStudyEuImaging,series.performer[custodian],0..1,,SHALL:able-to-populate,SHOULD:process,SHALL:able-to-populate,,SHALL:able-to-populate,,EHDSImagingStudy.studyCustodian,EHDSImagingStudy.studyCustodian
ImagingStudyEuImaging,series.performer[custodian].actor,1..1,,,,,,,,,
ImagingStudyEuImaging,series.performer[custodian].function,1..1,,,,,,,,,
ImagingStudyEuImaging,series.performer[device],0..1,,SHALL:able-to-populate,SHOULD:process,SHALL:able-to-populate,,SHALL:able-to-populate,,EHDSImagingStudy.header.author[x],EHDSImagingStudy.header.author[x]
ImagingStudyEuImaging,series.performer[device].actor,1..1,,,,,,,,,
ImagingStudyEuImaging,series.performer[device].function,1..1,,,,,,,,,
ImagingStudyEuImaging,series.performer[organization],0..1,,SHALL:able-to-populate,SHOULD:process,SHALL:able-to-populate,,SHALL:able-to-populate,,EHDSImagingStudy.header.author[x],EHDSImagingStudy.header.author[x]
ImagingStudyEuImaging,series.performer[organization].actor,1..1,,,,,,,,,
ImagingStudyEuImaging,series.performer[organization].function,1..1,,,,,,,,,
ImagingStudyEuImaging,series.performer[performer],0..1,,SHALL:able-to-populate,SHOULD:process,SHALL:able-to-populate,,SHALL:able-to-populate,,EHDSImagingStudy.header.author[x],EHDSImagingStudy.header.author[x]
ImagingStudyEuImaging,series.performer[performer].actor,1..1,,,,,,,,,
ImagingStudyEuImaging,series.performer[performer].function,1..1,,,,,,,,,
ImagingStudyEuImaging,series.specimen,0..*,,SHOULD:able-to-populate,SHOULD:process,SHOULD:able-to-populate,,SHOULD:able-to-populate,,"EHDSImagingReport.body.specimen, EHDSImagingStudy.series.specimen","EHDSImagingReport.body.specimen, EHDSImagingStudy.series.specimen"
ImagingStudyEuImaging,series.started,0..1,,SHALL:able-to-populate,SHOULD:process,SHALL:able-to-populate,,SHALL:able-to-populate,,EHDSImagingStudy.series.started,EHDSImagingStudy.series.started
ImagingStudyEuImaging,series.uid,1..1,,SHALL:able-to-populate,SHOULD:process,SHALL:able-to-populate,,SHALL:able-to-populate,,EHDSImagingStudy.series.seriesUid,EHDSImagingStudy.series.seriesUid
ImagingStudyEuImaging,started,0..1,,SHALL:able-to-populate,SHOULD:process,SHALL:able-to-populate,,SHALL:able-to-populate,,"EHDSImagingStudy.header.date, EHDSImagingStudy.started","EHDSImagingStudy.header.date, EHDSImagingStudy.started"
ImagingStudyEuImaging,status,1..1,,SHALL:able-to-populate,,SHALL:populate,,SHALL:populate,,EHDSImagingStudy.header.status,EHDSImagingStudy.header.status
ImagingStudyEuImaging,subject,1..1,,SHALL:able-to-populate,SHOULD:process,SHALL:able-to-populate,,SHALL:able-to-populate,,EHDSImagingStudy.header.subject,EHDSImagingStudy.header.subject
ImagingStudyEuImagingInstanceDescription,extension,0..0,,,,,,,,,
ImagingStudyEuImagingInstanceDescription,url,1..1,,,,,,,,,
ImagingStudyEuImagingInstanceDescription,value[x],0..1,,,,,,,,,
NumberOfFrames,extension,0..0,,,,,,,,,
NumberOfFrames,url,1..1,,,,,,,,,
NumberOfFrames,value[x],0..1,,,,,,,,,
ObservationFindingEuImaging,basedOn,0..*,,,,,,,,,
ObservationFindingEuImaging,basedOn[ServiceRequestOrderEuImagingaccession],0..*,,,,,,,,,
ObservationFindingEuImaging,basedOn[ServiceRequestOrderEuImagingaccession].identifier,1..1,,,,,,,,,
ObservationFindingEuImaging,identifier,0..*,,,,,,,,,
ObservationFindingEuImaging,identifier[observationUid],0..1,,,,,,,,,
ObservationFindingEuImaging,identifier[observationUid].type,1..1,,,,,,,,,
ObservationGestationalAgeEuImaging,code,1..1,,,,,,,,,
ObservationGestationalAgeEuImaging,value[x],1..1,,,,,,,,,
ObservationRadiationDoseEuImaging,basedOn,0..*,,,,,,,,,
ObservationRadiationDoseEuImaging,basedOn[ServiceRequestOrderEuImagingaccession],0..1,,,,,,,,,
ObservationRadiationDoseEuImaging,basedOn[ServiceRequestOrderEuImagingaccession].identifier,1..1,,,,,,,,,
ObservationRadiationDoseEuImaging,code,1..1,,,,,,,,,
ObservationRadiationDoseEuImaging,code.coding,1..*,,,,,,,,,
ObservationRadiationDoseEuImaging,code.coding[radiation-dose],1..1,,,,,,,,,
ObservationRadiationDoseEuImaging,code.coding[radiation-dose].code,0..1,,,,,,,,,
ObservationRadiationDoseEuImaging,code.coding[radiation-dose].system,0..1,,,,,,,,,
ObservationRadiationDoseEuImaging,derivedFrom,1..*,,,,,,,,,
ObservationRadiationDoseEuImaging,derivedFrom[dicomSrInstance],0..*,,,,,,,,,
ObservationRadiationDoseEuImaging,derivedFrom[study],1..1,,,,,,,,,
ObservationRadiationDoseEuImaging,device,0..1,,,,,,,,,
ObservationRadiationDoseEuImaging,partOf,0..*,,,,,,,,,
ObservationRadiationDoseEuImaging,subject,1..1,,,,,,,,,
ObservationRadiationDoseEuImaging,value[x],1..1,,SHOULD:able-to-populate,,SHOULD:able-to-populate,,SHOULD:able-to-populate,,EHDSImagingReport.body.exposureInformation,EHDSImagingReport.body.exposureInformation
ProcedureEuImaging,code,1..1,,SHOULD:able-to-populate,SHOULD:process,SHOULD:able-to-populate,,SHOULD:able-to-populate,,EHDSImagingReport.header.eventType,EHDSImagingReport.header.eventType
ProcedureEuImaging,performer,0..*,,,,,,,,,
ProcedureEuImaging,performer.function,1..1,,,,,,,,,
ProcedureEuImaging,performer[imaging-device],0..*,,,,,,,,,
ProcedureEuImaging,performer[imaging-device].actor,1..1,,,,,,,,,
ProcedureEuImaging,performer[imaging-device].function.coding,0..*,,,,,,,,,
ProcedureEuImaging,performer[imaging-device].function.coding[imaging-equipment],0..1,,,,,,,,,
ProcedureEuImaging,performer[performer],0..*,,,,,,,,,
ProcedureEuImaging,performer[performer].actor,1..1,,,,,,,,,
ProcedureEuImaging,performer[performer].function.coding,0..*,,,,,,,,,
ProcedureEuImaging,performer[performer].function.coding[healthcare-professional],0..1,,,,,,,,,
ServiceRequestOrderEuImaging,authoredOn,0..1,,,,MAY:able-to-populate,,MAY:able-to-populate,,EHDSImagingReport.body.orderInformation.orderDateAndTime,EHDSImagingReport.body.orderInformation.orderDateAndTime
ServiceRequestOrderEuImaging,category,1..*,,,,,,,,,
ServiceRequestOrderEuImaging,category[imaging],1..1,,,,,,,,,
ServiceRequestOrderEuImaging,code,0..1,,,,SHALL:able-to-populate,,,,,
ServiceRequestOrderEuImaging,extension,0..*,,,,,,,,,
ServiceRequestOrderEuImaging,extension[reason],0..*,,,,,,,,,
ServiceRequestOrderEuImaging,extension[reason].extension[concept].valueCodeableConcept,,,SHALL:able-to-populate,SHOULD:process,,,SHALL:able-to-populate,,"EHDSImagingReport.body.orderInformation.orderReason[x], EHDSImagingReport.body.orderInformation.clinicalQuestion","EHDSImagingReport.body.orderInformation.orderReason[x], EHDSImagingReport.body.orderInformation.clinicalQuestion"
ServiceRequestOrderEuImaging,extension[reason].value[x],0..1,,,,,,,,,
ServiceRequestOrderEuImaging,extension[reason].value[x][valueCodeableConcept],0..1,,,,,,,,,
ServiceRequestOrderEuImaging,extension[reason].value[x][valueCodeableConcept].text,0..1,,,,,,,,,
ServiceRequestOrderEuImaging,identifier,0..*,,,,,,,,,
ServiceRequestOrderEuImaging,identifier[accessionNumber],0..1,,SHALL:able-to-populate,SHOULD:process,SHALL:able-to-populate,,SHALL:able-to-populate,,EHDSImagingReport.header.accessionNumber,EHDSImagingReport.header.accessionNumber
ServiceRequestOrderEuImaging,note,0..*,,,,,,,,,
ServiceRequestOrderEuImaging,reason.concept,0..1,,SHALL:able-to-populate,SHOULD:process,SHALL:able-to-populate,,,,"EHDSImagingReport.body.orderInformation.orderReason[x], EHDSImagingReport.body.orderInformation.clinicalQuestion","EHDSImagingReport.body.orderInformation.orderReason[x], EHDSImagingReport.body.orderInformation.clinicalQuestion"
ServiceRequestOrderEuImaging,reason.concept.text,0..1,,,,,,,,,
ServiceRequestOrderEuImaging,requester,0..1,,,,MAY:able-to-populate,,MAY:able-to-populate,,EHDSImagingReport.body.orderInformation.orderPlacer[x],EHDSImagingReport.body.orderInformation.orderPlacer[x]
ServiceRequestOrderEuImaging,subject,1..1,,,,,,,,,
ServiceRequestOrderEuImaging,supportingInfo,0..*,,,,,,,,,
ServiceRequestOrderEuImaging,supportingInfo.extension[codeableConcept],0..*,,,,,,,,,
ServiceRequestOrderEuImaging,supportingInfo[pregnancy],0..1,,,,,,,,,
SopInstanceUidIdentifierEuImaging,system,0..1,,,,,,,,,
SopInstanceUidIdentifierEuImaging,type,1..1,,,,,,,,,
SopInstanceUidIdentifierEuImaging,value,1..1,,,,,,,,,
SrInstanceImagingSelectionEuImaging,extension[ImagingSelection],1..1,,,,,,,,,
SrInstanceImagingSelectionEuImaging,extension[ImagingSelection].extension,2..*,,,,,,,,,
SrInstanceImagingSelectionEuImaging,extension[ImagingSelection].extension[instance],1..1,,,,,,,,,
SrInstanceImagingSelectionEuImaging,extension[ImagingSelection].extension[instance].extension[imageRegion2D],0..0,,,,,,,,,
SrInstanceImagingSelectionEuImaging,extension[ImagingSelection].extension[instance].extension[imageRegion3D],0..0,,,,,,,,,
SrInstanceImagingSelectionEuImaging,extension[ImagingSelection].extension[instance].extension[subset],0..*,,,,,,,,,
SrInstanceImagingSelectionEuImaging,extension[ImagingSelection].extension[instance].extension[subset].value[x],0..0,,,,,,,,,
SrInstanceImagingSelectionEuImaging,extension[ImagingSelection].extension[instance].extension[uid],1..1,,,,,,,,,
SrInstanceImagingSelectionEuImaging,extension[ImagingSelection].extension[instance].extension[uid].extension,0..0,,,,,,,,,
SrInstanceImagingSelectionEuImaging,extension[ImagingSelection].extension[instance].extension[uid].value[x],1..1,,,,,,,,,
SrInstanceImagingSelectionEuImaging,extension[ImagingSelection].extension[instance].value[x],0..0,,,,,,,,,
SrInstanceImagingSelectionEuImaging,extension[ImagingSelection].extension[seriesUid],0..1,,,,,,,,,
SrInstanceImagingSelectionEuImaging,extension[ImagingSelection].extension[seriesUid].extension,0..0,,,,,,,,,
SrInstanceImagingSelectionEuImaging,extension[ImagingSelection].extension[seriesUid].value[x],1..1,,,,,,,,,
SrInstanceImagingSelectionEuImaging,extension[ImagingSelection].extension[studyUid],0..1,,,,,,,,,
SrInstanceImagingSelectionEuImaging,extension[ImagingSelection].extension[studyUid].extension,0..0,,,,,,,,,
SrInstanceImagingSelectionEuImaging,extension[ImagingSelection].extension[studyUid].value[x],1..1,,,,,,,,,
SrInstanceImagingSelectionEuImaging,extension[ImagingSelection].value[x],0..0,,,,,,,,,
SrInstanceImagingSelectionEuImaging,identifier,1..*,,,,,,,,,
SrInstanceImagingSelectionEuImaging,identifier[sopInstanceUid],1..1,,,,,,,,,
SrInstanceImagingSelectionEuImaging,instance,1..1,,,,,,,,,
SrInstanceImagingSelectionEuImaging,instance.imageRegion2D,0..0,,,,,,,,,
SrInstanceImagingSelectionEuImaging,instance.imageRegion3D,0..0,,,,,,,,,
SrInstanceImagingSelectionEuImaging,instance.subset,0..0,,,,,,,,,
SrInstanceImagingSelectionEuImaging,seriesUid,1..1,,,,,,,,,
SrInstanceImagingSelectionEuImaging,studyUid,1..1,,,,,,,,,
StudyInstanceUidIdentifierEuImaging,system,0..1,,,,,,,,,
StudyInstanceUidIdentifierEuImaging,type,1..1,,,,,,,,,
StudyInstanceUidIdentifierEuImaging,type.coding,1..*,,,,,,,,,
StudyInstanceUidIdentifierEuImaging,type.coding[dcm],1..1,,,,,,,,,
StudyInstanceUidIdentifierEuImaging,value,1..1,,,,,,,,,
orphan drug,etc.),,,SHOULD:able-to-populate,SHALL:display,,,,,EHDSMedication.classification,EHDSMedication.classification
